model,mce_50,mce_60,mce_70,mce_80,mce_90,mean_mce,rank_50,rank_60,rank_70,rank_80,rank_90,rank_std
swin_t,0.9981,0.8825,0.9095,1.0521,0.9525,0.9589,1,1,1,4,2,1.166
vgg16_bn,1.0000,1.0000,1.0000,1.0000,1.0000,1.0000,2,2,3,2,3,0.490
convnext_tiny,1.0225,1.0449,1.1581,0.9989,1.0312,1.0511,3,3,5,1,4,1.327
efficientnet_b0,2.8841,1.6909,0.9847,1.0214,0.7557,1.4674,5,6,2,3,1,1.855
squeezenet1_0,2.2729,1.6557,1.3246,1.2451,1.2588,1.5514,4,5,6,6,5,0.748
googlenet,3.3518,1.2142,1.0858,1.1799,1.5574,1.6778,6,4,4,5,6,0.894
regnet_x_400mf,4.1491,2.2024,2.0179,1.7120,1.6796,2.3522,7,7,7,7,7,0.000
shufflenet_v2_x0_5,5.8334,4.8162,2.6060,3.9579,2.6485,3.9724,8,8,8,8,8,0.000
mnasnet0_5,7.6386,5.1668,4.0868,5.0269,4.5840,5.3006,9,9,9,9,9,0.000
