model,WD_clean_top1,WI_clean_top1_mean,WI_clean_top1_std,writer_gap,WD_mCE_top1,WI_mCE_top1_mean,WI_mCE_top1_std,WI_mCE_seed1,WI_mCE_seed42,WI_mCE_seed123
vgg16_bn,96.68,96.987,0.361,-0.307,1.0,1.0,0.0,1.0,1.0,1.0
googlenet,96.057,96.349,0.756,-0.292,1.0858,1.2723,0.3367,1.7458,0.9914,1.0797
swin_t,97.42,96.798,0.334,0.622,0.9095,1.2411,0.1026,1.2042,1.3811,1.138
efficientnet_b0,97.757,97.659,0.17,0.099,0.9847,1.4272,0.3254,1.5291,0.9876,1.765
squeezenet1_0,95.133,94.664,0.949,0.469,1.3246,1.5644,0.0981,1.536,1.6962,1.4609
convnext_tiny,97.563,97.429,0.073,0.134,1.1581,1.0407,0.0684,1.1284,1.0324,0.9613
regnet_x_400mf,97.504,97.489,0.155,0.016,2.0179,1.8137,0.136,1.7987,1.6551,1.9872
shufflenet_v2_x0_5,97.354,97.177,0.177,0.177,2.606,3.6336,0.7391,4.4816,2.6803,3.7389
mnasnet0_5,96.907,96.725,0.313,0.182,4.0868,4.8145,0.6715,5.5965,4.8901,3.9569
